domain	status	expiry
meticulouscore.com	REPORTED	2028-02-13T08
meticulouscore.net	REPORTED	The expiration date displayed in this record is the date the
meticulouscore.dev	NO-DATA	unknown
mcore360.com	REPORTED	2028-08-09T21
mcoreacademy.com	REPORTED	2028-08-09T21
mcoreai.com	REPORTED	2028-07-26T21
mcoreai.cloud	REPORTED	2028-09-05T14
mcoreai.dev	NO-DATA	unknown
mcorefabric.com	REPORTED	2028-08-20T00
mcoremesh.com	REPORTED	2028-08-20T01
mcoreshield.com	REPORTED	2028-08-25T20
mcorecare.com	REPORTED	2028-08-09T22
mcoreprime.com	REPORTED	2029-06-30T21
kotlinbrain.com	REPORTED	2027-08-17T13
shorbornoai.com	REPORTED	2028-09-01T15
shorborno.ai	REPORTED	2028-09-14T17
sorbornoai.com	REPORTED	2029-08-20T01
aminul-du.com	REPORTED	2027-03-08T23
1of1.care	NO-DATA	unknown
rajshahionline.com	REPORTED	2026-11-30T04
rajshahionline.net	REPORTED	The expiration date displayed in this record is the date the
rajshahionline.com.bd	NO-DATA	unknown
aiguru.com	REPORTED	2026-12-02T03
