domain	status	expiry	source
meticulouscore.com	REPORTED	2028-02-13T08	whois
meticulouscore.net	REPORTED	The expiration date displayed in this record is the date the	whois
meticulouscore.dev	UNKNOWN	unknown	whois
mcore360.com	REPORTED	2028-08-09T21	whois
mcoreacademy.com	REPORTED	2028-08-09T21	whois
mcoreai.com	REPORTED	2028-07-26T21	whois
mcoreai.cloud	REPORTED	2028-09-05T14	whois
mcoreai.dev	UNKNOWN	unknown	whois
mcorefabric.com	REPORTED	2028-08-20T00	whois
mcoremesh.com	REPORTED	2028-08-20T01	whois
mcoreshield.com	REPORTED	2028-08-25T20	whois
mcorecare.com	REPORTED	2028-08-09T22	whois
mcoreprime.com	REPORTED	2029-06-30T21	whois
kotlinbrain.com	REPORTED	2027-08-17T13	whois
shorbornoai.com	REPORTED	2028-09-01T15	whois
shorborno.ai	REPORTED	2028-09-14T17	whois
sorbornoai.com	REPORTED	2029-08-20T01	whois
aminul-du.com	REPORTED	2027-03-08T23	whois
1of1.care	UNKNOWN	unknown	whois
rajshahionline.com	REPORTED	2026-11-30T04	whois
rajshahionline.net	REPORTED	The expiration date displayed in this record is the date the	whois
rajshahionline.com.bd	UNKNOWN	unknown	whois
aiguru.com	REPORTED	2026-12-02T03	whois
